"filename", "language", "C++", "C", "comment", "blank", "total"
"c:\Users\mrpat\OneDrive\Documents\Github\F25_Team5_InductionHeaterController\Software\embedded_system\src\PID.c", "C", 0, 53, 22, 10, 85
"c:\Users\mrpat\OneDrive\Documents\Github\F25_Team5_InductionHeaterController\Software\embedded_system\src\PID.h", "C++", 5, 0, 0, 0, 5
"c:\Users\mrpat\OneDrive\Documents\Github\F25_Team5_InductionHeaterController\Software\embedded_system\src\adc.c", "C", 0, 72, 15, 15, 102
"c:\Users\mrpat\OneDrive\Documents\Github\F25_Team5_InductionHeaterController\Software\embedded_system\src\adc.h", "C++", 8, 0, 0, 1, 9
"c:\Users\mrpat\OneDrive\Documents\Github\F25_Team5_InductionHeaterController\Software\embedded_system\src\delay.c", "C", 0, 136, 2, 3, 141
"c:\Users\mrpat\OneDrive\Documents\Github\F25_Team5_InductionHeaterController\Software\embedded_system\src\delay.h", "C++", 25, 0, 10, 7, 42
"c:\Users\mrpat\OneDrive\Documents\Github\F25_Team5_InductionHeaterController\Software\embedded_system\src\flow_sensor.c", "C", 0, 29, 1, 2, 32
"c:\Users\mrpat\OneDrive\Documents\Github\F25_Team5_InductionHeaterController\Software\embedded_system\src\flow_sensor.h", "C++", 5, 0, 6, 2, 13
"c:\Users\mrpat\OneDrive\Documents\Github\F25_Team5_InductionHeaterController\Software\embedded_system\src\keypad.c", "C", 0, 321, 5, 23, 349
"c:\Users\mrpat\OneDrive\Documents\Github\F25_Team5_InductionHeaterController\Software\embedded_system\src\keypad.h", "C++", 19, 0, 6, 6, 31
"c:\Users\mrpat\OneDrive\Documents\Github\F25_Team5_InductionHeaterController\Software\embedded_system\src\lcd.c", "C", 0, 488, 75, 33, 596
"c:\Users\mrpat\OneDrive\Documents\Github\F25_Team5_InductionHeaterController\Software\embedded_system\src\lcd.h", "C++", 29, 0, 6, 5, 40
"c:\Users\mrpat\OneDrive\Documents\Github\F25_Team5_InductionHeaterController\Software\embedded_system\src\lcd_instruction_set.h", "C++", 34, 0, 6, 2, 42
"c:\Users\mrpat\OneDrive\Documents\Github\F25_Team5_InductionHeaterController\Software\embedded_system\src\lcd_ui.c", "C", 0, 111, 0, 12, 123
"c:\Users\mrpat\OneDrive\Documents\Github\F25_Team5_InductionHeaterController\Software\embedded_system\src\lcd_ui.h", "C++", 44, 0, 0, 2, 46
"c:\Users\mrpat\OneDrive\Documents\Github\F25_Team5_InductionHeaterController\Software\embedded_system\src\max31856.c", "C", 0, 160, 24, 26, 210
"c:\Users\mrpat\OneDrive\Documents\Github\F25_Team5_InductionHeaterController\Software\embedded_system\src\max31856.h", "C++", 165, 0, 11, 26, 202
"c:\Users\mrpat\OneDrive\Documents\Github\F25_Team5_InductionHeaterController\Software\embedded_system\src\max6675.c", "C", 0, 34, 1, 5, 40
"c:\Users\mrpat\OneDrive\Documents\Github\F25_Team5_InductionHeaterController\Software\embedded_system\src\max6675.h", "C++", 19, 0, 1, 7, 27
"c:\Users\mrpat\OneDrive\Documents\Github\F25_Team5_InductionHeaterController\Software\embedded_system\src\pwm.c", "C", 0, 94, 26, 16, 136
"c:\Users\mrpat\OneDrive\Documents\Github\F25_Team5_InductionHeaterController\Software\embedded_system\src\pwm.h", "C++", 12, 0, 12, 3, 27
"c:\Users\mrpat\OneDrive\Documents\Github\F25_Team5_InductionHeaterController\Software\embedded_system\src\rotary_encoder.c", "C", 0, 163, 8, 10, 181
"c:\Users\mrpat\OneDrive\Documents\Github\F25_Team5_InductionHeaterController\Software\embedded_system\src\rotary_encoder.h", "C++", 7, 0, 6, 4, 17
"c:\Users\mrpat\OneDrive\Documents\Github\F25_Team5_InductionHeaterController\Software\embedded_system\src\run.c", "C", 0, 99, 29, 8, 136
"c:\Users\mrpat\OneDrive\Documents\Github\F25_Team5_InductionHeaterController\Software\embedded_system\src\run.h", "C++", 11, 0, 6, 2, 19
"c:\Users\mrpat\OneDrive\Documents\Github\F25_Team5_InductionHeaterController\Software\embedded_system\src\save.c", "C", 0, 63, 14, 8, 85
"c:\Users\mrpat\OneDrive\Documents\Github\F25_Team5_InductionHeaterController\Software\embedded_system\src\save.h", "C++", 25, 0, 8, 6, 39
"c:\Users\mrpat\OneDrive\Documents\Github\F25_Team5_InductionHeaterController\Software\embedded_system\src\uis\set_number.c", "C", 0, 185, 4, 8, 197
"c:\Users\mrpat\OneDrive\Documents\Github\F25_Team5_InductionHeaterController\Software\embedded_system\src\uis\set_number.h", "C++", 6, 0, 0, 1, 7
"c:\Users\mrpat\OneDrive\Documents\Github\F25_Team5_InductionHeaterController\Software\embedded_system\src\uis\set_pid.c", "C", 0, 123, 6, 9, 138
"c:\Users\mrpat\OneDrive\Documents\Github\F25_Team5_InductionHeaterController\Software\embedded_system\src\uis\set_pid.h", "C++", 6, 0, 0, 1, 7
"c:\Users\mrpat\OneDrive\Documents\Github\F25_Team5_InductionHeaterController\Software\embedded_system\src\uis\set_settings.c", "C", 0, 88, 1, 6, 95
"c:\Users\mrpat\OneDrive\Documents\Github\F25_Team5_InductionHeaterController\Software\embedded_system\src\uis\set_settings.h", "C++", 4, 0, 0, 1, 5
"c:\Users\mrpat\OneDrive\Documents\Github\F25_Team5_InductionHeaterController\Software\embedded_system\src\uis\system_vitals.c", "C", 0, 99, 18, 4, 121
"c:\Users\mrpat\OneDrive\Documents\Github\F25_Team5_InductionHeaterController\Software\embedded_system\src\uis\system_vitals.h", "C++", 5, 0, 0, 1, 6
"Total", "-", 429, 2318, 329, 275, 3351